Name,Phone,Address,Email
공유,010-9924-4335,Busan Geumjeong-gu Cheongnyong-ro 70,공유60@example.com
유재석,010-2236-1915,Daegu Dalseo-gu Dalseo-daero 567,유재석78@example.com
박보검,010-1927-2546,Busan Dong-gu Choryang-ro 141,박보검95@example.com
수지,010-2162-7811,Daegu Dalseong-gun Dalseong-gun-ro 569,수지100@example.com
아이유,010-3583-4835,Seoul Gangbuk-gu Gangbuk-ro 414,아이유60@example.com
이현우,010-3798-1362,Busan Geumjeong-gu Busandaehak-ro 477,이현우100@example.com
박보검,010-6715-1455,Busan Geumjeong-gu Cheongnyong-ro 327,박보검78@example.com
태연,010-6574-9062,Daegu Buk-gu Bukgu-ro 156,태연19@example.com
송지효,010-8041-5199,Daegu Seo-gu Pyeongni-ro 79,송지효87@example.com
강동원,010-7639-7854,Daegu Jung-gu Dongseong-ro 681,강동원89@example.com
태연,010-5514-4446,Daegu Dong-gu Sincheon-daero 633,태연82@example.com
손예진,010-3466-5136,Seoul Jung-gu Euljiro 131,손예진61@example.com
박보검,010-3162-3245,Daegu Seo-gu Seodaegu-ro 884,박보검61@example.com
윤아,010-8151-8491,Seoul Dongjak-gu Yeouidaebang-ro 113,윤아89@example.com
송중기,010-5079-6300,Busan Suyeong-gu Gwanganhaebyeon-ro 898,송중기75@example.com
김민준,010-2285-1437,Busan Suyeong-gu Suyeong-ro 829,김민준73@example.com
유재석,010-1474-4705,Busan Geumjeong-gu Cheongnyong-ro 653,유재석29@example.com
이민호,010-1928-7119,Seoul Jungrang-gu Jungnang-ro 18,이민호68@example.com
박보검,010-4059-4344,Seoul Songpa-gu Baekjegobun-ro 324,박보검18@example.com
이현우,010-8193-9472,Seoul Jung-gu Myeongdong-gil 296,이현우15@example.com
정지현,010-7544-7681,Busan Nam-gu Sinseon-ro 264,정지현55@example.com
송중기,010-3550-7661,Busan Dong-gu Jungang-daero 189,송중기96@example.com
송중기,010-8868-4909,Seoul Dobong-gu Changdong-ro 876,송중기47@example.com
공유,010-8573-4766,Busan Yeonje-gu Geojenae-ro 867,공유74@example.com
손예진,010-7104-1576,Seoul Jungrang-gu Sinnae-ro 66,손예진25@example.com
현빈,010-1718-3480,Busan Geumjeong-gu Cheongnyong-ro 64,현빈71@example.com
송중기,010-8655-6471,Seoul Gwanak-gu Nambu-sunhwan-ro 898,송중기64@example.com
아이유,010-5556-7407,Seoul Gwangjin-gu Gwangjin-ro 594,아이유12@example.com
이민호,010-5435-8412,Daegu Dong-gu Dongdaegu-ro 710,이민호24@example.com
태연,010-4374-3071,Busan Haeundae-gu U-dong-ro 542,태연54@example.com
박보검,010-7385-4452,Busan Suyeong-gu Suyeong-ro 417,박보검68@example.com
윤아,010-3231-3867,Busan Suyeong-gu Gwanganhaebyeon-ro 495,윤아52@example.com
이민호,010-8772-3525,Daegu Dong-gu Hyomok-ro 479,이민호56@example.com
이현우,010-2126-5069,Busan Dongnae-gu Dongnae-ro 591,이현우7@example.com
공유,010-4846-9957,Daegu Dong-gu Dongdaegu-ro 23,공유78@example.com
윤아,010-1756-1088,Seoul Gangnam-gu Gangnam-daero 875,윤아82@example.com
송지효,010-6244-4620,Daegu Seo-gu Seodaegu-ro 172,송지효59@example.com
박보검,010-4518-8498,Daegu Suseong-gu Suseong-ro 271,박보검57@example.com
윤아,010-7669-5094,Busan Seo-gu Seo-gu-ro 698,윤아19@example.com
송중기,010-3992-2100,Daegu Dalseong-gun Dalseong-gun-ro 379,송중기72@example.com
손예진,010-4918-3533,Seoul Seo-gu Gyeongin-ro 334,손예진55@example.com
이민호,010-8293-3869,Busan Haeundae-gu U-dong-ro 14,이민호90@example.com
수지,010-9022-2491,Daegu Dong-gu Dongdaegu-ro 359,수지63@example.com
송중기,010-9128-2469,Seoul Jungrang-gu Sinnae-ro 247,송중기28@example.com
공유,010-4631-3328,Seoul Dobong-gu Dobong-ro 285,공유89@example.com
지창욱,010-3949-2198,Busan Dong-gu Jungang-daero 199,지창욱35@example.com
김민준,010-8223-9599,Seoul Yeongdeungpo-gu Yeouido-ro 459,김민준57@example.com
현빈,010-1114-5740,Busan Nam-gu Sinseon-ro 453,현빈3@example.com
이민호,010-7581-5496,Seoul Songpa-gu Baekjegobun-ro 325,이민호87@example.com
박보검,010-6296-8907,Daegu Dalseo-gu Wolbae-ro 158,박보검52@example.com
